id,period,geography,utility,measure,rate_plan,period_name,value,unit,nominal,status,source_url,source_title,published_at,retrieved_at,source_sha256,licence,notes
oeb-rpp-tou-off_peak-2026-08,2026-08,Ontario,,electricity_energy_rate,time_of_use,off_peak,0.076,CAD_per_kWh,True,estimated,https://www.oeb.ca/_html/calculator/data/BillData.xml,OEB BillData.xml,2026-08-01,2026-08-02,809b9bcd29b0472ce5ff9ce1f62e332eaad70aba67484d9391192ca834a41750,Open Government Licence - Ontario,
oeb-rpp-tou-mid_peak-2026-08,2026-08,Ontario,,electricity_energy_rate,time_of_use,mid_peak,0.122,CAD_per_kWh,True,estimated,https://www.oeb.ca/_html/calculator/data/BillData.xml,OEB BillData.xml,2026-08-01,2026-08-02,809b9bcd29b0472ce5ff9ce1f62e332eaad70aba67484d9391192ca834a41750,Open Government Licence - Ontario,
oeb-rpp-tou-on_peak-2026-08,2026-08,Ontario,,electricity_energy_rate,time_of_use,on_peak,0.158,CAD_per_kWh,True,estimated,https://www.oeb.ca/_html/calculator/data/BillData.xml,OEB BillData.xml,2026-08-01,2026-08-02,809b9bcd29b0472ce5ff9ce1f62e332eaad70aba67484d9391192ca834a41750,Open Government Licence - Ontario,
oeb-rpp-tiered-tier1-2026-08,2026-08,Ontario,,electricity_energy_rate,tiered,tier1,0.087,CAD_per_kWh,True,estimated,https://www.oeb.ca/_html/calculator/data/BillData.xml,OEB BillData.xml,2026-08-01,2026-08-02,809b9bcd29b0472ce5ff9ce1f62e332eaad70aba67484d9391192ca834a41750,Open Government Licence - Ontario,
oeb-rpp-tiered-tier2-2026-08,2026-08,Ontario,,electricity_energy_rate,tiered,tier2,0.104,CAD_per_kWh,True,estimated,https://www.oeb.ca/_html/calculator/data/BillData.xml,OEB BillData.xml,2026-08-01,2026-08-02,809b9bcd29b0472ce5ff9ce1f62e332eaad70aba67484d9391192ca834a41750,Open Government Licence - Ontario,
oeb-hydro-ottawa-fixed_delivery_charge-2026-08,2026-08,Ontario,hydro-ottawa,fixed_delivery_charge,,,0.4795,CAD_per_day,True,estimated,https://www.oeb.ca/_html/calculator/data/BillData.xml,OEB BillData.xml,2026-08-01,2026-08-02,809b9bcd29b0472ce5ff9ce1f62e332eaad70aba67484d9391192ca834a41750,Open Government Licence - Ontario,
oeb-hydro-ottawa-variable_delivery_charge-2026-08,2026-08,Ontario,hydro-ottawa,variable_delivery_charge,,,0.0223,CAD_per_kWh,True,estimated,https://www.oeb.ca/_html/calculator/data/BillData.xml,OEB BillData.xml,2026-08-01,2026-08-02,809b9bcd29b0472ce5ff9ce1f62e332eaad70aba67484d9391192ca834a41750,Open Government Licence - Ontario,
oeb-hydro-ottawa-regulatory_charge-2026-08,2026-08,Ontario,hydro-ottawa,regulatory_charge,,,0.0059,CAD_per_kWh,True,estimated,https://www.oeb.ca/_html/calculator/data/BillData.xml,OEB BillData.xml,2026-08-01,2026-08-02,809b9bcd29b0472ce5ff9ce1f62e332eaad70aba67484d9391192ca834a41750,Open Government Licence - Ontario,
oeb-hydro-ottawa-electricity_rebate-2026-08,2026-08,Ontario,hydro-ottawa,electricity_rebate,,,-0.0227,CAD_per_kWh,True,estimated,https://www.oeb.ca/_html/calculator/data/BillData.xml,OEB BillData.xml,2026-08-01,2026-08-02,809b9bcd29b0472ce5ff9ce1f62e332eaad70aba67484d9391192ca834a41750,Open Government Licence - Ontario,
